{"directed": false, "multigraph": false, "graph": {"name": "G5"}, "nodes": [{"x": 0.2958121781789279, "y": 0.07756132709693841, "id": 0}, {"x": 0.6371667646523543, "y": 0.5465801255778637, "id": 1}, {"x": 0.8360550296698025, "y": 0.2828458070900868, "id": 2}], "links": [{"source": 1, "target": 2}]}